MariaDB 1 entry,Try 1 indexed,Try 2 indexed,Try 3 indexed,Avrage indexed,,,,,,,,,,,,,,,,,,,,,,
,,,,,,,,,,,,,,,,,,,,,,,,,,
Query 1,"0,016","0,023","0,018","0,019","0,69","0,75","0,45","0,71","0,58","0,39","0,49","0,58","0,56","0,49",,,,,,,,,,,,
Query 2,"0,016","0,018","0,018","0,017","0,75","0,53","0,6","0,63","0,59","0,75","0,61","0,77","0,76","0,62",,,,,,,,,,,,
Query 3,"0,018","0,019","0,017","0,018","0,75","0,81","0,77","0,76","0,61","0,72","0,59","0,8","0,72","0,85",,,,,,,,,,,,
Query 4,"0,021","0,018","0,017","0,019","0,62","0,88","0,7","0,68","0,67","0,59","0,61","0,73","0,63","0,65",,,,,,,,,,,,
Query 5,"0,019","0,027","0,034","0,027","0,72","0,86","0,84","1,04","0,79","0,82","0,88","0,95","1,03","1,01",,,,,,,,,,,,
Query 6,"0,016","0,019","0,019","0,018","0,56","0,61","0,65","0,83","0,7","0,61","0,67","0,57","0,64","0,6",,,,,,,,,,,,
Query 7,"0,023","0,023","0,021","0,022","0,31","0,6","0,68","0,68","0,68","0,63","0,65","0,62","0,66","0,68",,,,,,,,,,,,
,q1,q2,q3,q4,q5,q6,q7,,,,,,,,,,,,,,,,,,,
,"0,412","0,477","0,532","0,488","0,646","0,465","0,449",,,,,,,,,,,,,,,,,,,
,,,,,,,,,,,,,,,,,,,,,,,,,,
MariaDB 1000 entries,,,,,,,,,,,,,,,,,,,,,,,,,,
,,,,,,,,,,,,,,,,,,,,,,,,,,
Query 1,"2,98","3,19","2,88","3,18","2,76","3,44","3,53","3,37","3,18","4,07","4,13","2,93","3,76","4,22","2,99","3,94","3,28","4,15","3,59","3,76","3,64","4,02","3,39","3,17","3,31","3,89"
Query 2,,"9,22","8,35","7,65","8,3","8,7","9,4","7,26","8,06","6,77","9,97","8,59","8,55","8,01",8,"7,25","7,52","7,35","7,68","8,03","9,15","8,62","9,02","9,67","4,61","7,97"
Query 3,"8,13","7,1","8,81","7,71","8,83",10,"7,83","8,82","8,29","7,68","9,19","7,33","7,1","8,14","8,54","9,52","8,31","8,15","7,84","7,36","4,63","7,88","8,98","8,7","8,82","8,09"
Query 4,"5,83","5,32","6,42","5,4","6,55","8,09","6,15","6,34","5,55","6,09","6,22","6,22","6,62","6,83","6,06","5,16","5,55","6,45","6,85","6,41","7,11","5,04","5,8","6,71","5,61","4,95"
Query 5,"0,89","1,16","0,96","1,11","0,89","1,14","0,95","0,71","0,98","0,81","0,83","0,99","1,05","0,95","0,76","0,86","1,06","0,91","0,78","1,06","0,89","0,94","0,89","1,15","0,92","0,96"
Query 6,"0,72","0,92","1,06","0,97","1,35","1,12","1,24","1,26","1,01","0,89","0,89","1,05","1,16","0,89","0,94","1,11","0,84","0,81","0,99","0,8","0,92","0,87","0,81","1,08","0,97","0,98"
Query 7,"2,04","0,69","0,82","0,59","0,69","0,7","0,95","0,9","0,69","0,72","0,67","0,74","0,78","0,55","0,58","0,65","0,67","0,74","0,63","0,7","0,75","0,78","0,79","0,81","0,62",
,,,,,,,,,,,,,,,,,,,,,,,,,,
,"3,401","8,372","8,211","6,259","0,959","1,038","0,824",,,,,,,,,,,,,,,,,,,
,,,,,,,,,,,,,,,,,,,,,,,,,,
MariaDB 10000 enteries,,,,,,,,,,,,,,,,,,,,,,,,,,
,,,,,,,,,,,,,,,,,,,,,,,,,,
Query 1,"7,25","8,31","9,18","9,32","7,7","10,52","8,14","8,12","8,51","9,68",,,,,,,,,,,,,,,,
Query 2,"30,9","20,86","27,04","22,87","20,77","23,05","28,62","28,25","27,01",28,,,,,,,,,,,,,,,,
Query 3,"23,94","29,66","33,85","20,44","26,94","24,77","24,61","27,29","19,01","23,01",,,,,,,,,,,,,,,,
Query 4,"16,76","16,33","12,53","19,1","8,55","18,06","16,11","18,26","16,64","16,93","31,05","18,09","17,57","18,47",,,,,,,,,,,,
Query 5,"1,09","0,96","1,58","1,13","0,95","0,95","0,97","1,31","0,94","1,02",,,,,,,,,,,,,,,,
Query 6,"2,29","0,74","0,77","0,65","0,68","0,76","0,58","0,75","0,8","0,47",,,,,,,,,,,,,,,,
Query 7,"0,79","0,69","0,74","0,68","0,68","0,78","0,81","0,71","0,74","0,6",,,,,,,,,,,,,,,,
,,,,,,,,,,,,,,,,,,,,,,,,,,
,"8,673","25,737","25,352","17,461","1,09","0,849","0,722",,,,,,,,,,,,,,,,"0,39","0,44","0,52",
,,,,,,,,,,,,,,,,,,,,,,,"0,83","0,4","0,93",
,,,,,,,,,,,,,,,,,,,,,,,"0,78","16,28","0,72",
,,,,,,,,,,,,,,,,,,,,,,,"0,92","1,01","0,8",
,,,,,,,,,,,,,,,,,,,,,,,,,,
,,,,,,,,,,,,,,,,,,,,,,,"0,99","1,07",1,
MariaDB 1000000 enteries,,,,,,,,,,,,,,,,,,,,,,,"1,04","0,94","1,18",
,,,,,,,,,,,,,,,,,,,,,,,"1,16","1,18","1,11",
Query 1,"90,41","79,01","61,45","71,3","52,64","58,23","109,04","73,88","106,94","75,41",,,,,,,,,,,,,"2,26","2,66","2,42",
Query 2,"113,19","87,25","110,64","118,88","116,04","117,43","106,04","103,93","126,73","89,22",,,,,,,,,,,,,,,,
Query 3,"109,71","94,04","103,72","121,64","121,66","108,68","109,47","123,53","118,37","104,41",,,,,,,,,,,,,,,,
Query 4,"121,89","105,21","89,64","91,86","109,07","84,06","103,83","126,7","75,22","80,76",,,,,,,,,,,,,"1,02","0,9","1,43",
Query 5,"0,94","1,1","1,11","1,04","1,22","1,06","1,07","1,5","0,98","0,99",,,,,,,,,,,,,,,,
Query 6,"0,85","0,58","0,88","0,85","0,82","0,61","0,77","0,84","0,89","0,88",,,,,,,,,,,,,,,,
Query 7,"1,09","0,81","0,88","0,82","0,94","0,65","0,78","0,89","0,6","0,71",,,,,,,,,,,Maria Index Q6,1000,"1,18","0,87","0,86",
,,,,,,,,,,,,,,,,,,,,,,10000,"0,87","1,01","1,13",
,"77,831","108,935","111,523","1,101","0,797","0,817",,,,,,,,,,,,,,,,100000,"1,41","1,05","1,07",
,,,,,,,,,,,,,,,,,,,,,,,,,,
mariadb no index,Try 1 no index ,Try 2 no index ,Try 3 no index ,Avrage no index,,,,,,,,,,,,,,,,,,,,,,
,,,,,,,,,,,,,,,,,,,,,,,,,,
,"0,017","0,021","0,019","0,019","0,02","0,018","0,02","0,019","0,018","0,017","0,018","0,019","0,018","0,015","0,02","0,017","0,018","0,016","0,018","0,02","0,018","0,019","0,017","0,018","0,018","0,015"
,"0,02","0,02","0,022","0,021","0,021","0,017","0,018","0,019","0,7","0,61","0,61","0,61","0,61%","0,61","0,61","0,6","0,61","0,61","0,61","0,61","0,61","0,61","0,61","0,61","0,61","0,6"
,"0,021","0,388","0,014","0,141","0,181","0,6","0,82","0,81","0,8","0,8","0,81","0,8","0,82","0,8","0,78","0,81",74,76,81,80,84,"0,82","0,82","0,91","0,78","0,8"
,"0,018","0,021","0,017","0,019","0,019","0,6","0,6","0,6","0,55","0,62","0,6","0,55","0,56","0,53","0,59","0,6","0,6","0,59","0,55","0,6","0,62","0,59","0,6","0,6","0,6","0,56"
,"0,02","0,019","0,02","0,02","0,02","1,6","1,19","1,2","1,19","1,21","1,31","1,21","1,19","1,2","1,14","1,21","1,21","1,04","1,21","1,19","1,2","1,21","1,43","1,19","1,21","1,04"
,"0,018","0,022","0,019","0,02","0,02","0,4","0,8","0,4","0,69","0,7","0,2","0,2","0,84","0,6","0,2","0,4","0,7","0,4","0,61",74,"0,5","0,2","0,4","0,63","0,77","0,88"
,"0,023","0,02","0,019","0,021","0,02","1,31","1,35","1,15","1,19","0,98","1,31","1,04","1,46","1,5","1,07","1,07","1,13","0,89","1,46","0,98","1,31","1,47","1,54","1,47","1,57","1,08"
,,,,,,,,,,,,,,,,,,,,,,,,,,
,"0,018","0,236","0,558","0,379","0,814","0,352","0,814",,,,,,,,,,,,,,,,,,,
,,,,,,,,,,,,,,,,,,,,,,,,,,
,"1,76","1,42","1,79","1,55","1,49","1,83","1,21","1,19","1,27","1,39","1,22","2,04","1,6","1,14","1,6","1,74","1,71","2,02","1,6","1,31",01.36,"1,44","1,5","1,78","1,63",01.19
,"3,77","3,61","3,76","4,2","3,66","3,92","2,24","3,35","3,71","3,03","3,23","3,37","3,81","3,16","3,95","2,73","3,84","3,5","3,59","3,82","3,49","3,34","2,98","3,26","3,6","3,34"
,"4,2","3,79","3,33","3,92","3,36","3,88","3,92","4,3","3,78","4,42","2,98","3,52","3,15","3,83","3,59","3,87","4,04","3,72","3,64","3,86","3,3","3,14","3,97","3,8","3,43","3,82"
,"3,02","2,25","2,71","2,24","2,36","2,45","3,38","2,99","2,66","2,22","2,93","2,95","2,27","2,56","3,76","2,87","2,14","2,96","3,08","2,12","2,86","2,77","3,39","2,75","3,14","3,38"
,"0,92","0,95","0,87","0,78","1,07","0,83","1,08","0,93","0,71","1,01","0,93","1,16","0,89","0,84","0,98","0,89","0,95","0,94","0,88","0,97",1,"0,61","0,81","1,1","0,8",1
,"0,76","0,66","0,63","0,62","0,71","0,72","0,49","0,74","0,66","0,7","1,37","0,63","0,74","0,64","0,71","0,76","0,67","0,64","0,55","0,85","0,77","0,7","0,82","0,8","0,76","0,62"
,"0,81","0,7","0,82","0,87","0,69","0,86","0,71","0,86","0,87","0,76","0,76","0,75","0,87","0,75","0,75","0,83","0,9","0,76","0,86","0,85","0,59","0,79","0,59","0,8","0,76","0,81"
,,,,,,,,,,,,,,,,,,,,,,,,,,
,"1,493","3,487","3,741","2,642","0,926","0,719","0,791",,,,,,,,,,,,,,,,,,,
,,,,,,,,,,,,,,,,,,,,,,,,,,
,"5,14","10,09","8,73","15,33","6,1","5,24","12,41","9,6","9,26","9,22",,,,,,,,,,,,,,,,
,"58,18","48,68","21,17","45,93","49,3","37,79","34,21","42,2","33,1","50,97",,,,,,,,,,,,,,,,
,"56,99","35,57","55,99","31,88","49,95","62,53","40,03","46,73","36,57","61,68",,,,,,,,,,,,,,,,
,"37,09","33,18","44,34","22,95","48,34","24,33","28,9","32,9","31,2","43,73",,,,,,,,,,,,,,,,
5,"0,98","0,98","0,73","0,76","0,86","1,01","0,65","0,87","0,94","0,95",,,,,,,,,,,,,,,,
,"0,8","0,67","0,58","0,77","0,77","0,85","0,71","0,65","0,7","0,81",,,,,,,,,,,,,,,,
,"1,47","1,46","1,4","1,43","1,43","1,38","1,4","1,41","1,76","1,33",,,,,,,,,,,,,,,,
,,,,,,,,,,,,,,,,,,,,,,,,,,
,"9,112","42,153","47,792","34,696","0,861","0,731","1,447",,,,,,,,,,,,,,,,,,,
,,,,,,,,,,,,,,,,,,,,,,,,,,
,"58,84","49,32","93,53","50,4","69,32","71,33","124,23","110,82","80,6","73,78",,,,,,,,,,,,,,,,
,"111,82","92,4","123,59","116,1","112,5","85,97","116,07","119,45",111,"97,54",,,,,,,,,,,,,,,,
,"106,43","104,02","125,12",121,"111,01","120,2","133,01","107,5","126,39","113,82",,,,,,,,,,,,,,,,
,"96,72","96,53","0,312","97,33","84,73","121,11","78,92","95,44","110,32","121,44",,,,,,,,,,,,,,,,
5,"1,11","1,24","0,91","0,89","0,88","0,99","0,78","0,67","0,63","0,96","1,17",,,,,,,,,,,,,,,
,"0,8","0,62","0,71","0,6","0,64","0,88","0,81","0,55","0,63","0,87",,,,,,,,,,,,,,,,
,"5,93","6,09","5,68","5,66","5,91","5,93","6,46","6,02","5,9","5,92",,,,,,,,,,,,,,,,
,,,,,,,,,,,,,,,,,,,,,,,,,,
,,,,,,,,,,,,,,,,,,,,,,,,,,
,"78,217","108,644","116,85","90,285","0,93","0,711","5,95",,,,,,,,,,,,,,,,,,,
,,,,,,,,,,,,,,,,,,,,,,,,,,
,MS NOT SEC ,IN ,POST,CONVERT,,,,,,,,,,,,,,,,,,,,,,
PostgreSQL 1 entry,Try 1 indexed,Try 2 indexed,Try 3 indexed,Avrage indexed,,,,,,,,,,,,,,,,,,,,,,
,,,,,,,,,,,,,,,,,,,,,,,,,,
,"0,79","0,97","1,09","0,83","1,09",1,"1,62","0,8","1,09","0,98",,,,,,,,,,,,,,,,
,"1,23","0,56","0,59","0,59","0,59","0,59","0,63","0,6","0,66","0,58",,,,,,,,,,,,,,,,
,"0,71","0,57","0,57","0,57","0,58","0,69","0,64","0,69","0,58","0,56",,,,,,,,,,,,,,,,
,"0,67","0,53","0,55","0,55","0,61","0,59","0,55","0,59","0,61","0,54",,,Försök 1,Försök 2,Försök 3,,1,1000,10000,100000,,,,,,
,"1,64","1,92","1,53","1,67","1,67","1,67","2,23","1,79","1,67","1,67",,1,"1,36","2,32","2,37",,"2,017","2,037","2,297","2,483",,,,,,
,"1,47","1,32","1,35","1,33","1,25","1,34","1,33","1,3","0,79","1,15",,1000,"1,43","2,32","2,36",,,,,,,,,,,
,"1,99","1,99","1,94","1,83","1,82","2,12","2,27","1,96","2,1","1,45",,10000,"2,25","2,32","2,32",,"2,02",,,,,,,,,
,,,,,,,,,,,,100000,"2,55","2,53","2,37",,"2,04",,,,,,,,,
,,,,,,,,,,,,,,,,,"2,29",,,,,,,,,
,"1,026","0,662","0,616","0,579","1,703","78,183","771,08",,,,,,,,,,"2,48",,,,,,,,,
,,,,,,,,,,,,,,,,,,,,,,,,,,
PostgreSQL1000 entries,,,,,,,,,,,,,,,,,,,,,,,,,,
,,,,,,,,,,,,,,,,,,,,,,,,,,
,"2,22","2,5","2,51","2,55","1,4","2,52","2,56","2,57","2,59","2,61",,,,,,,,,,,,,,,,
,"1,9","0,49","3,29","8,56","8,56","8,61","8,78","7,78","8,81","8,87",,,,,,,,,,,,,,,,
,"8,89","8,56","8,84","8,58","8,86","8,76","8,68","8,78","5,54","8,11",,,,,,,,,,,,,,,,
,"6,47","6,38","6,29","6,24","6,35","6,34","6,25","6,34","6,31","6,07",,,,,,,,,,,,,,,,
,"1,44","1,22","1,27","1,39","1,46","1,31","1,43","1,21","1,25","1,22",,,,,,,,,,,,,,,,
,"0,58","0,69","0,55","0,6","0,64","0,58","0,68","0,6","0,55","0,61",,,,,,,,,,,,,,,,
,"1,39","1,39","1,22","1,22","1,1","1,09","1,13","1,18","1,1","1,09",,,,,,,,,,,,,,,,
,,,,,,,,,,,,,,,,,,,,,,,,,,
,"2,403","6,565","8,36","6,304","1,32","0,608","1,191",,,,,,,,,,,,,,,,,,,
,,,,,,,,,,,,,,,,,,,,,,,,,,
PostgreSQL10000 entries,,,,,,,,,,,,,,,,,,,,,,,,,,
,,,,,,,,,,,,,,,,,,,,,,,,,,
,"14,34","13,14","13,63","2,66","13,73","12,32","13,73","13,7","13,23","13,66",,,,,,,,,,,,,,,,
,"11,47","11,45","11,49","11,11","11,45","11,38","11,36","11,19","11,57","11,08",,,,,,,,,,,,,,,,
,"11,21","11,3","11,11","9,41","11,56","11,08","11,35","11,68","11,52","11,1",,,,,,,,,,,,,,,,
,"7,65","7,32","7,52","7,62","7,23","7,45","7,5","7,82","7,67","7,72",,,,,,,,,,,,,,,,
,"1,61","1,3","1,23","1,3","1,35","1,25","1,29","1,16","1,26",,,,,,,,,,,,,,,,,
,"0,7","1,42","1,7","1,12","1,11","1,38","1,56","1,7","1,03","1,37",,,,,,,,,,,,,,,,
,"2,25","1,82","2,18","1,88","1,67",2,"1,61","2,41","1,13","2,03",,,,,,,,,,,,,,,,
,,,,,,,,,,,,,,,,,,,,,,,,,,
,,,,,,,,,,,,,,,,,,,,,,,,,,
,"12,414","11,355","11,132","7,55","1,306","1,309","1,898",,,,,,,,,,,,,,,,,,,
,,,,,,,,,,,,,,,,,,,,,,,,,,
PostgreSQL100000 entries,,,,,,,,,,,,,,,,,,,,,,,,,,
,,,,,,,,,,,,,,,,,,,,,,,,,,
,"65,81","100,21","99,28","100,1","100,41","99,83","99,59","99,92","100,33","100,59",,,,,,,,,,,,,,,,
,"99,51","99,82","99,71","105,15","99,21","102,13","98,68","98,41","98,69","98,75",,,,,,,,,,,,,,,,
,"94,5","92,88","94,3","94,79","91,28","92,52","92,65","93,08","95,09","90,24",,,,,,,,,,,,,,,,
,"99,79","100,29","99,11","99,86","100,27","99,39","99,8","99,04","99,74","99,82",,,,,,,,,,,,,,,,
,"2,37","2,37","2,07","2,37","2,35","2,55","2,18","2,42","2,39","2,8",,,,,,,,,,,,,,,,
,"2,07","2,41","2,16","2,47","2,39","2,47","1,95","2,35","2,47","2,39",,,,,,,,,,,,,,,,
,"1,74","1,93","1,75","1,74","2,2","2,08","2,37","1,82","2,13","1,99",,,,,,,,,,,,,,,,
,,,,,,,,,,,,,,,,,,,,,,,,,,
,"96,607","100,006","93,133","99,711","2,387","2,313","1,975",,,,,,,,,,,,,,,,,,,
,,,,,,,,,,,,,,,,,,,,,,,,,,
Post gres no index,Try 1 no index ,Try 2 no index ,Try 3 no index ,Avrage no index,,,,,,,,,,,,,,,,,,,,,,
,"1,05","1,15","0,88","1,07","1,07","1,06","0,92","0,95","1,16","1,04",,,,Försök 1,Försök 2,Försök 3,,1,1000,10000,100000,,,,,
,"1,84","1,66","1,87","0,89","1,5","1,88","0,67","1,44","1,2","1,99",,,1,"1,63","1,86","1,77",,"1,753","1,753","1,92","1,997",,,,,
,"1,75","2,17","2,17","1,61","1,84","1,83","2,03",2,"1,36","1,66",,,1000,"1,55","1,74","1,97",,,,,,,,,,
,"1,89","1,61","1,5","1,36","1,73","1,76","1,5","1,66","1,51","1,75",,,10000,"1,86","2,2","1,7",,,,,,,,,,
,"2,34","2,2","1,7","2,28","1,98","2,3","2,29","2,55","2,3","2,24",,,100000,"2,18","1,96","1,85",,,,,,,,,,
,"1,35","1,17","0,5","1,11","1,31","1,09","1,61","1,45","1,34","1,35",,,,,,,,,,,,,,,,
,"1,82","1,75","1,96","1,87","1,57","1,64","1,69","1,73","1,77","2,1",,,,,,,,,,,,,,,,
,,,,,,,,,,,,,,,,,,,,,,,,,,
,"1,035","1,464","84,998","834,844","8335,363","1,228","1,79",,,,,,,,,,,1,1000,10000,100000,,,,,
,,,,,,,,,,,,,,"1,89","1,09","0,84",,"1,273","0,937","0,927","0,993",,,,,
,,,,,,,,,,,,,,"1,05","0,84","0,92",,,,,,,,,,
,,,,,,,,,,,,,,"0,96","0,82",1,,,,,,,,,,
,,,,,,,,,,,,,,"0,98","1,12","0,88",,,,,,,,,,
,,,,,,,,,,,,,,,,,,,,,,,,,,
,"3,86","4,02","3,96","3,83","3,77","3,83","3,91","3,56","3,96","3,82",,,,,,,,,,,,,,,,
,"11,19","10,82","10,76","10,89","6,44","11,04","10,26",10.39,"10,6","11,11",,,,,,,,,,,,,,,,
,"10,74","11,08","10,08","10,11","11,02","10,58","10,85","11,01","2,09","11,09",,,,,,,,,,,,,,,,
,"6,92","6,9","6,92","6,58","6,62","6,94","1,94","6,99","7,01","6,85",,,,,,,,,,,,,,,,
,"2,55","2,02","2,38","2,34","2,32","1,25","2,57","2,49","2,58","2,55",,,,,,,,,,,,,,,,
,"1,47","1,56","1,67","1,61","1,5","1,23","1,53","1,1","1,32","1,23",,,,,,,,,,,,,,,,
,"2,1","1,86","1,84","1,86","1,95","2,13","1,94","2,06","1,91","2,15",,,,,,,,,,,,,"50,66","47,67","51,16",
,,,,,,,,,,,,,,,,,,,,,,,,,,
,,,,,,,,,,,,,,,,,,,,,,,,,,
,"3,852","9,355","9,865","6,367","2,305","1,422","1,98",,,,,,,,,,,,,,,,,,,
,,,,,,,,,,,,,,,,,,,,,,,,,,
,"13,41","13,53","11,54","13,62","13,47","13,27","6,98","13,54","13,55","13,52",,,,,,,,,,,,,,,,
,"71,48","74,8","47,8","49,73","57,72","76,17","61,05","50,67","42,99","73,09",,,,,,,,,,,,,,,,
,"58,1","47,45","65,56","72,24","49,59","37,77","51,73","78,71","76,35","42,56",,,,,,,,,,,,,,,,
,"25,8","39,9","40,2","50,88","33,93","48,66","28,52","49,38","31,23","31,19",,,,,,,,,,,,,,,,
5,"2,52","2,55","2,5","2,59","2,53","2,91","3,01","2,14","2,53","2,44",,,,,,,,,,,,,,,,
,"1,46","1,59","1,16","1,46","1,59","1,39","1,61","1,4","1,45","1,78",,,,,,,,,,,,,,,,
,"2,17","2,19","2,1","1,75","2,14","1,81","2,2","1,98","1,15","2,11",,,,,,,,,,,,,,,,
,,,,,,,,,,,,,,,,,,,,,,,,,,
,,,,,,,,,,,,,,,,,,,,,,,,,,
,"12,643","60,55","58,006","37,969","2,572","1,489","1,96",,,,,,,,,,,,,,,,,,,
,,,,,,,,,,,,,,,,,,,,,,,,,,
,"79,49","100,25","64,69","90,43","76,46","93,54","71,54","100,4","85,11","89,56",,,,,,,,,,,,,,,,
,"93,45","99,89","98,93","98,91","98,65","99,39","100,29","100,01","99,89","99,81",,,,,,,,,,,,,,,,
,"99,15","98,97","99,77","99,36","100,08","99,44","99,2","99,24","99,21","99,51",,,,,,,,,,,,,,,,
,"97,97","99,88","98,96","100,03","99,34","98,78","100,06","99,77","100,12","99,83",,,,,,,,,,,,,,,,
5,"2,35","2,44","2,51","2,6","2,69","2,72","2,44","2,36","2,4","2,47","59,97",,,,,,,,,,,,,,,
,"1,36","0,82","1,34","1,52","0,95","1,49","1,17","0,95","1,48","1,40%",,,,,,,,,,,,,,,,
,"3,4","1,91","1,95","2,07","1,91","1,99%","1,87","2,02","1,92","2,1",,,,,,,,,,,,,,,,
,,,,,,,,,,,,,,,,,,,,,,,,,,
,"85,147","98,922","99,393","99,474","2,498","1,109","1,917",,,,,,,,,,,,,,,,,,,
,,,,,,,,,,,,,,,,,,,,,,,,,,
,Q1,,,,,,,,Q2,,,,,,,,,,,,,,,,,
,MariaDB Indexed,MariaDB,PostgreSQL Indexed,PostgreSQL,,,,,MariaDB Indexed,MariaDB,PostgreSQL Indexed,PostgreSQL,,,,,,,,,,,,,,
1,"0,412","0,018","1,026","1,035",,,,1,"0,392","0,147","0,662","1,464",,,,,,,,,,,,,,
1000,"3,401","1,493","2,403","3,852",,,,1000,"8,19","3,487","6,565","9,355",,,,,,,,,,,,,,
10000,"8,673","9,112","12,414","12,643",,,,10000,"25,737","42,153","11,355","36,597",,,,,,,,,,,,,,
100000,"77,831","78,217","96,607","85,147",,,,100000,"108,935","108,644","100,006","98,922",,,,,,,,,,,,,,
Maria Indexed,,,,,,,,,,,,,,,,,,,,,,,,,,
,Q1,Q2,Q3,Q4,Q5,Q6,Q7,,,Q3,,,,,,,,,,,,,,,,
1,"0,412","0,477","0,532","0,488","0,646","0,465","0,449",,,MariaDB Indexed,MariaDB,PostgreSQL Indexed,PostgreSQL,,,,,,,,,,,,,
1000,"3,401","8,372","8,211","6,259","0,959","1,038","0,824",,1,"0,532","0,558","0,616","1,842",,,,,,,,,,,,,
10000,"8,673","25,737","25,352","17,461","1,09","0,849","0,722",,1000,"8,211","3,741","8,36","9,865",,,,,,,,,,,,,
100000,"77,831","108,935","111,523","98,824","1,101","0,797","0,787",,10000,"25,352","47,792","11,132","58,006",,,,,,,,,,,,,
,,,,,,,,,100000,"111,523","116,85","93,133","99,393",,,,,,,,,,,,,
,,,,,,,,,,,,,,,,,,,,,,,,,,
 Maria no index,,,,,,,,,,,,,,,,,,,,,,,,,,
,Q1,Q2,Q3,Q4,Q5,Q6,Q7,,,,,,,,,,,,,,,,,,,
1,"0,018","0,236","0,558","0,379","15,628","0,352","0,814",,,Q4,,,,,,,,,,,,,,,,
1000,"1,493","3,487","3,741","2,642","0,926","0,719","0,791",,,MariaDB Indexed,MariaDB,PostgreSQL Indexed,PostgreSQL,,,,,,,,,,,,,
10000,"9,112","42,153","47,792","34,696","0,873","0,731","1,447",,1,"0,488","0,379","0,579","1,627",,,,,,,,,,,,,
100000,"78,217","108,644","116,85","90,285","0,93","0,711","5,952",,1000,"6,259","2,642","6,304","6,367",,,,,,,,,,,,,
,,,,,,,,,10000,"17,461","34,696","48,742","37,969","7,566",,,,,,,,,,,,
,,,,,,,,,100000,"98,824","90,285","99,711","99,474",,,,,,,,,,,,,
,,,,,,,,,,,,,,,,,,,,,,,,,,
PostgreSQL Indexed,,,,,,,,,,Q5,,,,,,,,,,,,,,,,
,Q1,Q2,Q3,Q4,Q5,Q6,Q7,,,MariaDB Indexed,MariaDB,PostgreSQL Indexed,PostgreSQL,,,,,,,,,,,,,
1,"1,026","0,662","0,616","0,579","1,703","78,183","771,08",,1,"0,646","0,628","2,02","1,753","0,986",,,,,,,,,,,,
1000,"2,403","6,565","8,36","6,304","1,32","0,608","1,191",,1000,"0,946","0,819","2,04","1,753","0,926",,,,,,,,,,,,
10000,"12,414","11,355","11,132","7,55","1,306","1,309","1,898",,10000,"1,09","0,883","2,29","1,92","0,863",,,,,,,,,,,,
100000,"96,607","100,006","93,133","99,711","2,387","2,313","2,001",,100000,"1,101","0,939","2,48","1,997","0,871",,,,,,,,,,,,
,,,,,,,,,,,,,,,,,,,,,,,,,,
,,,,,,,,,,Q6,,,,,,,,,,,,,,,,
,,,,,,,,,,MariaDB Indexed,MariaDB,PostgreSQL Indexed,PostgreSQL,,,,,,,,,,,,,
,,,,,,,,,1,"0,465","0,352","0,435","1,02","1,214",,,,,,,,,,,,
PostgreSQL Non-Index,,,,,,,,,1000,"0,987","0,719","0,608","1,05","1,417",,,,,,,,,,,,
,Q1,Q2,Q3,Q4,Q5,Q6,Q7,,10000,"1,003","0,731","0,746","1,153","1,492",,,,,,,,,,,,
1,"1,035","1,464","84,998","834,844","8335,363","1,228","1,79",,100000,"1,176","1,116","0,911","2,446","1,082","0,73",,,,,,,,,,,
1000,"3,852","9,355","9,865","6,367","2,305","1,422","1,98",,,,,,,,"0,726",,,,,,,,,,,
10000,"12,643","36,597","58,006","37,969","2,572","1,489","1,96",,,,,,,,"0,786",,,,,,,,,,,
100000,"85,147","98,922","99,393","99,474","66,891","1,109","1,752",,,,,,,,,,,,,,,,,,,
,,,,,,,,,,Q7,,,,,,,,,,,,,,,,
,,,,,,,,,,MariaDB Indexed,MariaDB,PostgreSQL Indexed,PostgreSQL,,,,,,,,,,,,,
,,,,,,,,,1,"0,449","0,76","0,923","1,5",,"1,947",,,,,,,,,,,
,,,,,,,,,1000,"0,723","0,823","1,191","1,563",,"1,79",,,,,,,,,,,
,,,,,,,,,10000,"0,773","1,447","1,898","1,63",,"1,98",,,,,,,,,,,
,,,,,,,,,100000,"1,07","5,952","2,001","2,41",,"1,96",,,,,,,,,,,
,,,,,,,,,,,,,,,"2,001",,,,,,,,,,,
,,,,,,,,,,,,,,,,,,,,,,,,,,
,,,,,,,,,,"0,824","0,814",,,,,,,,,,,,,,,
,,,,,,,,,,"0,722","0,791",,,,,,,,,,,,,,,
,,,,,,,,,,"0,787","1,447",,,,,,Post Index:,,,,,,,,,
,,,,,,,,,,,"5,952",,,,,,1000,"1,31","1,25","0,59",,,,,,
,,,,,,,,,,,,,,,,,1,"0,49","1,13","1,15",,,,,,
,,,,,,,,,,,,,,,,,,,,,,,,,,
,,,,,,,,,,,,,,,,,Maria Index,,,,,,,,,
,,,,,,,,,,,,,,,,,1000,"0,63","0,88","0,66",,,,,,
,,,,,,,,,,,,,,,,,10000,"0,73","0,87","0,72",,,,,,
,,,,,,,,,,,,,,,,,100000,"1,02","1,1","1,09",,,,,,
,,,,,,,,,,,,,,,,,,,,,,,,,,
,,,,,,,,,,,,,,,,,Maria No-Index,,,,,,,,,
,,,,,,,,,,,,,,,,,1,"0,58","0,93","0,77",,,,,,
,,,,,,,,,,,,,,,,,1000,"0,82","0,96","0,69",,,,,,
,,,,,,,,,,,,,,,,,,,,,,,,,,
,,,,,,,,,,,,,,,,,Post No-Index,,,,,,,,,
,,,,,,,,,,,,,,,,"1,5",1,"1,48","1,55","1,47",,,,,,
,,,,,,,,,,,,,,,,"1,563",1000,"1,77","1,48","1,44",,,,,,
,,,,,,,,,,,,,,,,"1,63",10000,"1,74","1,56","1,61",,,,,,
,,,,,,,,,,,,,,,,"2,41",100000,"1,86","2,74","2,64",,,,,,